idx,label,label_text,pred,pred_text,correct,commitment_layer,final_p_correct
0,1,Yes,1,Yes,True,30,0.9509933590888977
1,1,Yes,1,Yes,True,30,0.9944572448730469
2,1,Yes,1,Yes,True,31,0.8518972396850586
3,0,No,0,No,True,29,0.9994210004806519
4,1,Yes,0,No,False,-1,0.08162011206150055
5,1,Yes,0,No,False,-1,0.015324615873396397
6,1,Yes,1,Yes,True,30,0.9776837825775146
7,1,Yes,1,Yes,True,30,0.9871152639389038
8,1,Yes,1,Yes,True,30,0.9932330250740051
9,1,Yes,0,No,False,-1,0.1247820109128952
10,1,Yes,0,No,False,-1,0.11350709944963455
11,1,Yes,0,No,False,-1,0.30544358491897583
12,1,Yes,1,Yes,True,30,0.9853492379188538
13,1,Yes,1,Yes,True,30,0.9838295578956604
14,0,No,0,No,True,29,0.9987421631813049
15,1,Yes,0,No,False,-1,0.0008135628886520863
16,0,No,0,No,True,27,0.998786985874176
17,0,No,0,No,True,27,0.9130348563194275
18,0,No,0,No,True,30,0.9992563128471375
19,0,No,0,No,True,29,0.9803789854049683
20,1,Yes,1,Yes,True,30,0.9941774606704712
21,1,Yes,1,Yes,True,-1,0.7630148530006409
22,1,Yes,1,Yes,True,30,0.960071325302124
23,0,No,0,No,True,28,0.996491014957428
24,1,Yes,1,Yes,True,30,0.9973480701446533
25,1,Yes,1,Yes,True,30,0.9845941066741943
26,0,No,0,No,True,28,0.9996331930160522
27,0,No,0,No,True,27,0.9984357953071594
28,1,Yes,1,Yes,True,30,0.9921035766601562
29,0,No,0,No,True,29,0.9971815347671509
30,1,Yes,1,Yes,True,30,0.9943130016326904
31,0,No,0,No,True,30,0.9988247752189636
32,0,No,1,Yes,False,-1,0.035877276211977005
33,0,No,0,No,True,27,0.9231420159339905
34,1,Yes,1,Yes,True,31,0.8903881907463074
35,0,No,1,Yes,False,-1,0.014743400737643242
36,1,Yes,0,No,False,-1,0.004188493825495243
37,1,Yes,1,Yes,True,30,0.9854135513305664
38,1,Yes,1,Yes,True,30,0.9978092312812805
39,1,Yes,1,Yes,True,30,0.9398548007011414
40,1,Yes,1,Yes,True,30,0.9939437508583069
41,1,Yes,1,Yes,True,30,0.9922479391098022
42,0,No,0,No,True,29,0.9960771203041077
43,1,Yes,1,Yes,True,30,0.9961095452308655
44,0,No,0,No,True,29,0.996901273727417
45,1,Yes,1,Yes,True,-1,0.6943790912628174
46,0,No,0,No,True,28,0.9995293617248535
47,0,No,0,No,True,27,0.7662854194641113
48,1,Yes,1,Yes,True,30,0.9831063747406006
49,1,Yes,1,Yes,True,30,0.9968165755271912
50,1,Yes,1,Yes,True,31,0.8833651542663574
51,1,Yes,1,Yes,True,30,0.9163700342178345
52,0,No,0,No,True,29,0.9992679953575134
53,0,No,0,No,True,27,0.8386142253875732
54,1,Yes,1,Yes,True,30,0.9831225275993347
55,0,No,0,No,True,28,0.9988559484481812
56,1,Yes,1,Yes,True,-1,0.6852326989173889
57,1,Yes,1,Yes,True,30,0.9602112174034119
58,1,Yes,1,Yes,True,30,0.9931545257568359
59,0,No,0,No,True,29,0.9991243481636047
60,0,No,0,No,True,27,0.9993873834609985
61,1,Yes,1,Yes,True,30,0.9866733551025391
62,0,No,0,No,True,27,0.9853423833847046
63,0,No,0,No,True,30,0.5929869413375854
64,1,Yes,1,Yes,True,-1,0.5312314629554749
65,0,No,0,No,True,28,0.9993094205856323
66,1,Yes,1,Yes,True,30,0.9987488985061646
67,0,No,0,No,True,29,0.997804582118988
68,1,Yes,1,Yes,True,30,0.9915086030960083
69,1,Yes,1,Yes,True,31,0.885290265083313
70,1,Yes,1,Yes,True,31,0.8539860844612122
71,1,Yes,0,No,False,-1,0.054354529827833176
72,0,No,0,No,True,27,0.8686702847480774
73,0,No,0,No,True,28,0.9986793398857117
74,0,No,0,No,True,29,0.9997801184654236
75,0,No,0,No,True,29,0.999309778213501
76,1,Yes,1,Yes,True,-1,0.4694264829158783
77,1,Yes,0,No,False,-1,0.2782178521156311
78,0,No,0,No,True,29,0.9994162321090698
79,1,Yes,1,Yes,True,-1,0.6476302146911621
80,0,No,0,No,True,29,0.9984046816825867
81,1,Yes,1,Yes,True,30,0.9771701693534851
82,1,Yes,1,Yes,True,30,0.9622794985771179
83,1,Yes,1,Yes,True,31,0.8690710067749023
84,1,Yes,1,Yes,True,-1,0.5136186480522156
85,1,Yes,1,Yes,True,-1,0.7780684232711792
86,1,Yes,1,Yes,True,31,0.8278393745422363
87,1,Yes,1,Yes,True,31,0.9093124866485596
88,0,No,0,No,True,28,0.9319302439689636
89,1,Yes,1,Yes,True,30,0.9955856800079346
90,1,Yes,0,No,False,-1,0.17499932646751404
91,1,Yes,0,No,False,-1,0.0008685876964591444
92,0,No,0,No,True,27,0.9813119769096375
93,1,Yes,1,Yes,True,30,0.9852442741394043
94,1,Yes,1,Yes,True,31,0.9399272203445435
95,0,No,0,No,True,29,0.9991734623908997
96,1,Yes,1,Yes,True,30,0.9989098310470581
97,0,No,0,No,True,30,0.999452531337738
98,0,No,0,No,True,27,0.9970399737358093
99,1,Yes,1,Yes,True,30,0.9098799228668213
100,1,Yes,1,Yes,True,30,0.9969648718833923
101,0,No,0,No,True,29,0.9481744170188904
102,0,No,0,No,True,27,0.9875876307487488
103,0,No,0,No,True,29,0.9966316819190979
104,0,No,0,No,True,30,0.8195192217826843
105,0,No,1,Yes,False,-1,0.1472654640674591
106,1,Yes,1,Yes,True,30,0.9490463137626648
107,1,Yes,1,Yes,True,31,0.837320864200592
108,0,No,0,No,True,28,0.9997333884239197
109,1,Yes,0,No,False,-1,0.000676613359246403
110,1,Yes,0,No,False,-1,0.03351962938904762
111,0,No,0,No,True,29,0.9974049925804138
112,1,Yes,1,Yes,True,30,0.9904171228408813
113,1,Yes,1,Yes,True,30,0.9947169423103333
114,1,Yes,1,Yes,True,30,0.9328839182853699
115,0,No,0,No,True,29,0.9995575547218323
116,1,Yes,0,No,False,-1,0.022491587325930595
117,1,Yes,1,Yes,True,30,0.9985055923461914
118,1,Yes,1,Yes,True,30,0.9705294370651245
119,1,Yes,0,No,False,-1,0.0002648443332873285
120,1,Yes,0,No,False,-1,0.2824258804321289
121,0,No,0,No,True,29,0.9991828799247742
122,0,No,0,No,True,29,0.9995386600494385
123,0,No,0,No,True,29,0.9991729855537415
124,1,Yes,1,Yes,True,30,0.9516592621803284
125,1,Yes,1,Yes,True,30,0.9956150054931641
126,1,Yes,1,Yes,True,30,0.9979311227798462
127,1,Yes,1,Yes,True,30,0.9910368919372559
128,0,No,0,No,True,27,0.9989107847213745
129,0,No,0,No,True,27,0.9953517913818359
130,0,No,0,No,True,30,0.9957660436630249
131,0,No,0,No,True,28,0.9996182918548584
132,1,Yes,1,Yes,True,-1,0.679497480392456
133,1,Yes,1,Yes,True,31,0.8849371075630188
134,1,Yes,1,Yes,True,30,0.9938742518424988
135,0,No,0,No,True,30,0.9994322657585144
136,1,Yes,0,No,False,-1,0.002011153381317854
137,0,No,0,No,True,27,0.9426197409629822
138,1,Yes,1,Yes,True,30,0.9744672775268555
139,1,Yes,1,Yes,True,30,0.9944466352462769
140,0,No,0,No,True,30,0.99969482421875
141,0,No,0,No,True,29,0.9985711574554443
142,1,Yes,1,Yes,True,30,0.9524925947189331
143,1,Yes,1,Yes,True,30,0.9963523149490356
144,1,Yes,0,No,False,-1,0.002821956295520067
145,0,No,0,No,True,30,0.999415397644043
146,0,No,0,No,True,29,0.9994887113571167
147,0,No,0,No,True,29,0.999144434928894
148,1,Yes,1,Yes,True,30,0.9383783340454102
149,1,Yes,1,Yes,True,30,0.9409422874450684
150,1,Yes,1,Yes,True,30,0.99244225025177
151,0,No,0,No,True,29,0.9987565279006958
152,0,No,0,No,True,28,0.9674189686775208
153,0,No,0,No,True,29,0.9992325305938721
154,0,No,0,No,True,29,0.9960073828697205
155,1,Yes,1,Yes,True,31,0.8679894208908081
156,1,Yes,1,Yes,True,30,0.9841973185539246
157,1,Yes,1,Yes,True,31,0.8250648379325867
158,0,No,0,No,True,27,0.997763991355896
159,1,Yes,1,Yes,True,30,0.9924389123916626
160,1,Yes,1,Yes,True,30,0.9944509863853455
161,1,Yes,1,Yes,True,31,0.820545494556427
162,1,Yes,0,No,False,-1,0.21022403240203857
163,0,No,0,No,True,29,0.6845597624778748
164,1,Yes,1,Yes,True,30,0.9917008280754089
165,1,Yes,1,Yes,True,30,0.9167954921722412
166,1,Yes,1,Yes,True,30,0.967136025428772
167,0,No,1,Yes,False,-1,0.0038307271897792816
168,0,No,0,No,True,29,0.995456337928772
169,1,Yes,1,Yes,True,30,0.9940395355224609
170,0,No,0,No,True,30,0.9993385672569275
171,1,Yes,1,Yes,True,30,0.9868324995040894
172,0,No,0,No,True,30,0.7254815101623535
173,0,No,0,No,True,29,0.6996282935142517
174,1,Yes,1,Yes,True,30,0.9929611086845398
175,0,No,0,No,True,27,0.9993360638618469
176,1,Yes,1,Yes,True,30,0.9910864233970642
177,1,Yes,1,Yes,True,31,0.865315854549408
178,1,Yes,1,Yes,True,31,0.8365599513053894
179,1,Yes,1,Yes,True,30,0.9719353914260864
180,1,Yes,0,No,False,-1,0.02530086785554886
181,1,Yes,1,Yes,True,30,0.9983175992965698
182,1,Yes,1,Yes,True,30,0.9888652563095093
183,1,Yes,0,No,False,-1,8.211474778363481e-05
184,0,No,0,No,True,29,0.9990729093551636
185,0,No,0,No,True,27,0.8895388841629028
186,0,No,0,No,True,27,0.998843789100647
187,0,No,0,No,True,27,0.9899502992630005
188,1,Yes,1,Yes,True,30,0.9326385259628296
189,1,Yes,1,Yes,True,30,0.9900966882705688
190,1,Yes,1,Yes,True,30,0.9980802536010742
191,0,No,0,No,True,29,0.9777075052261353
192,0,No,0,No,True,30,0.9947623610496521
193,1,Yes,1,Yes,True,30,0.9594546556472778
194,1,Yes,1,Yes,True,30,0.997779905796051
195,1,Yes,1,Yes,True,30,0.9962970614433289
196,0,No,0,No,True,29,0.9996486902236938
197,1,Yes,0,No,False,-1,0.09265600889921188
198,1,Yes,1,Yes,True,30,0.9913374185562134
199,1,Yes,1,Yes,True,30,0.9168797731399536
200,1,Yes,1,Yes,True,30,0.9852811694145203
201,0,No,0,No,True,28,0.9993346333503723
202,0,No,1,Yes,False,-1,0.00014550387277267873
203,0,No,0,No,True,29,0.9963576197624207
204,1,Yes,1,Yes,True,30,0.9934431314468384
205,0,No,0,No,True,29,0.9989275336265564
206,1,Yes,1,Yes,True,31,0.9118258357048035
207,1,Yes,1,Yes,True,30,0.9942200183868408
208,1,Yes,1,Yes,True,31,0.854133129119873
209,1,Yes,1,Yes,True,30,0.9973245859146118
210,0,No,0,No,True,27,0.9882561564445496
211,1,Yes,1,Yes,True,30,0.9751659035682678
212,0,No,0,No,True,29,0.9948831796646118
213,1,Yes,0,No,False,-1,0.09055089205503464
214,1,Yes,1,Yes,True,30,0.9943943023681641
215,0,No,0,No,True,29,0.9940430521965027
216,0,No,0,No,True,27,0.9965676069259644
217,0,No,0,No,True,30,0.9989049434661865
218,1,Yes,1,Yes,True,30,0.9981787204742432
219,1,Yes,1,Yes,True,30,0.9954564571380615
220,1,Yes,1,Yes,True,-1,0.7241919040679932
221,1,Yes,1,Yes,True,31,0.8591322898864746
222,1,Yes,0,No,False,-1,0.4959181845188141
223,1,Yes,1,Yes,True,-1,0.6931862235069275
224,1,Yes,0,No,False,-1,0.27340397238731384
225,1,Yes,1,Yes,True,30,0.9770618081092834
226,0,No,0,No,True,29,0.9989618062973022
227,0,No,0,No,True,27,0.992077112197876
228,0,No,0,No,True,29,0.9991881251335144
229,1,Yes,1,Yes,True,30,0.9825446009635925
230,1,Yes,1,Yes,True,30,0.9867837429046631
231,0,No,0,No,True,30,0.6578344702720642
232,1,Yes,0,No,False,-1,0.0021074695978313684
233,1,Yes,1,Yes,True,30,0.9954673051834106
234,1,Yes,1,Yes,True,30,0.9967065453529358
235,1,Yes,1,Yes,True,31,0.933739960193634
236,0,No,0,No,True,29,0.9982099533081055
237,0,No,0,No,True,29,0.9973645806312561
238,0,No,0,No,True,27,0.9996949434280396
239,1,Yes,1,Yes,True,30,0.9858253598213196
240,0,No,0,No,True,29,0.9985477328300476
241,1,Yes,1,Yes,True,30,0.9970399737358093
242,0,No,0,No,True,29,0.9993802309036255
243,0,No,0,No,True,29,0.9972781538963318
244,1,Yes,1,Yes,True,30,0.9902141690254211
245,1,Yes,1,Yes,True,30,0.9814662933349609
246,1,Yes,1,Yes,True,30,0.9373430013656616
247,0,No,0,No,True,28,0.9635800719261169
248,1,Yes,0,No,False,-1,3.882732926285826e-05
249,0,No,0,No,True,27,0.993053138256073
250,1,Yes,0,No,False,-1,0.27309831976890564
251,1,Yes,0,No,False,-1,0.00015591946430504322
252,1,Yes,1,Yes,True,30,0.966926097869873
253,0,No,0,No,True,29,0.9968128800392151
254,1,Yes,0,No,False,-1,0.0013610844034701586
255,0,No,0,No,True,28,0.8568057417869568
256,0,No,0,No,True,28,0.999055802822113
257,0,No,0,No,True,30,0.5489981770515442
258,0,No,0,No,True,-1,0.43898066878318787
259,0,No,0,No,True,28,0.9966074228286743
260,0,No,0,No,True,29,0.9995599389076233
261,0,No,0,No,True,27,0.9966872334480286
262,0,No,0,No,True,29,0.9994598031044006
263,1,Yes,0,No,False,-1,0.0003913423279300332
264,0,No,0,No,True,30,0.9948603510856628
265,1,Yes,1,Yes,True,30,0.9939518570899963
266,1,Yes,1,Yes,True,30,0.9888977408409119
267,1,Yes,0,No,False,-1,0.08187016099691391
268,1,Yes,1,Yes,True,-1,0.5291135311126709
269,0,No,0,No,True,28,0.9951509237289429
270,1,Yes,1,Yes,True,30,0.9221128225326538
271,1,Yes,1,Yes,True,30,0.9942822456359863
272,1,Yes,1,Yes,True,30,0.9980529546737671
273,0,No,0,No,True,29,0.999437153339386
274,1,Yes,1,Yes,True,30,0.9976619482040405
275,1,Yes,1,Yes,True,-1,0.6009821891784668
276,0,No,0,No,True,29,0.9973533153533936
277,1,Yes,1,Yes,True,30,0.9929914474487305
278,1,Yes,1,Yes,True,30,0.9351141452789307
279,1,Yes,1,Yes,True,30,0.9454696774482727
280,1,Yes,1,Yes,True,30,0.9938817024230957
281,1,Yes,1,Yes,True,30,0.9936376214027405
282,1,Yes,1,Yes,True,30,0.9731926321983337
283,1,Yes,1,Yes,True,30,0.995341420173645
284,1,Yes,0,No,False,-1,0.2840275466442108
285,1,Yes,1,Yes,True,30,0.9439951181411743
286,1,Yes,1,Yes,True,-1,0.7833978533744812
287,0,No,1,Yes,False,-1,0.12151217460632324
288,1,Yes,1,Yes,True,30,0.9971739053726196
289,0,No,0,No,True,27,0.9801850318908691
290,0,No,0,No,True,27,0.9957161545753479
291,1,Yes,1,Yes,True,30,0.9743743538856506
292,0,No,0,No,True,28,0.8320754766464233
293,1,Yes,1,Yes,True,30,0.9719212055206299
294,0,No,0,No,True,29,0.9991476535797119
295,1,Yes,0,No,False,-1,0.0688668042421341
296,0,No,0,No,True,29,0.9990528225898743
297,1,Yes,0,No,False,-1,0.17108094692230225
298,0,No,0,No,True,29,0.9991174340248108
299,1,Yes,1,Yes,True,30,0.9929879307746887
300,0,No,0,No,True,28,0.9367005825042725
301,1,Yes,1,Yes,True,30,0.9888923764228821
302,0,No,0,No,True,28,0.9947744011878967
303,1,Yes,1,Yes,True,30,0.9958310723304749
304,1,Yes,1,Yes,True,30,0.9712650179862976
305,1,Yes,1,Yes,True,30,0.9960248470306396
306,1,Yes,0,No,False,-1,0.0012593172723427415
307,1,Yes,1,Yes,True,30,0.9785985946655273
308,0,No,0,No,True,29,0.9957624077796936
309,1,Yes,1,Yes,True,30,0.9964730143547058
310,1,Yes,1,Yes,True,30,0.996791660785675
311,1,Yes,1,Yes,True,30,0.9816753268241882
312,1,Yes,1,Yes,True,-1,0.536651074886322
313,1,Yes,1,Yes,True,30,0.9985686540603638
314,0,No,0,No,True,28,0.857252836227417
315,1,Yes,0,No,False,-1,8.884623821359128e-05
316,0,No,0,No,True,29,0.9627459049224854
317,0,No,0,No,True,27,0.9993916749954224
318,1,Yes,1,Yes,True,30,0.961162269115448
319,1,Yes,1,Yes,True,30,0.9917013049125671
320,0,No,0,No,True,29,0.998219907283783
321,1,Yes,0,No,False,-1,0.00013339717406779528
322,0,No,0,No,True,27,0.9937973022460938
323,1,Yes,1,Yes,True,-1,0.7423019409179688
324,1,Yes,1,Yes,True,30,0.985054612159729
325,1,Yes,1,Yes,True,30,0.9841963052749634
326,0,No,0,No,True,29,0.9441363215446472
327,1,Yes,1,Yes,True,30,0.9817394018173218
328,1,Yes,1,Yes,True,30,0.9461071491241455
329,0,No,0,No,True,29,0.9995930790901184
330,1,Yes,1,Yes,True,30,0.9966778755187988
331,1,Yes,1,Yes,True,30,0.9981707334518433
332,1,Yes,1,Yes,True,30,0.9828743934631348
333,1,Yes,0,No,False,-1,0.26843979954719543
334,1,Yes,1,Yes,True,30,0.9920918941497803
335,1,Yes,1,Yes,True,31,0.8529676198959351
336,0,No,0,No,True,27,0.9985879063606262
337,1,Yes,1,Yes,True,30,0.9962384700775146
338,1,Yes,1,Yes,True,30,0.968778133392334
339,1,Yes,1,Yes,True,30,0.9722188711166382
340,1,Yes,1,Yes,True,30,0.9808533191680908
341,1,Yes,0,No,False,-1,0.006421221420168877
342,0,No,0,No,True,30,0.9992934465408325
343,1,Yes,1,Yes,True,30,0.9825543761253357
344,0,No,0,No,True,28,0.7958566546440125
345,1,Yes,0,No,False,-1,0.2548481225967407
346,0,No,0,No,True,29,0.9943509101867676
347,1,Yes,0,No,False,-1,7.956096669659019e-05
348,1,Yes,1,Yes,True,30,0.9579827189445496
349,1,Yes,1,Yes,True,31,0.8100766539573669
350,1,Yes,1,Yes,True,31,0.9182850122451782
351,1,Yes,1,Yes,True,30,0.9182066917419434
352,1,Yes,1,Yes,True,30,0.9880335927009583
353,1,Yes,1,Yes,True,30,0.9415816068649292
354,1,Yes,0,No,False,-1,0.005136284977197647
355,0,No,0,No,True,27,0.9933413863182068
356,0,No,1,Yes,False,-1,0.004377336706966162
357,1,Yes,0,No,False,-1,0.22522315382957458
358,0,No,0,No,True,29,0.9992356300354004
359,1,Yes,1,Yes,True,-1,0.7463493347167969
360,1,Yes,1,Yes,True,31,0.8822259902954102
361,1,Yes,1,Yes,True,30,0.9923017024993896
362,1,Yes,1,Yes,True,30,0.9533381462097168
363,0,No,0,No,True,29,0.9949681162834167
364,1,Yes,1,Yes,True,30,0.9962728023529053
365,1,Yes,1,Yes,True,30,0.9762636423110962
366,1,Yes,1,Yes,True,30,0.9930370450019836
367,0,No,0,No,True,29,0.9941042065620422
368,0,No,1,Yes,False,-1,0.4708300232887268
369,1,Yes,1,Yes,True,30,0.9754713773727417
370,0,No,0,No,True,27,0.9975861310958862
371,1,Yes,1,Yes,True,30,0.987820565700531
372,1,Yes,1,Yes,True,30,0.9341318607330322
373,1,Yes,1,Yes,True,30,0.9956645369529724
374,1,Yes,0,No,False,-1,0.0746796727180481
375,1,Yes,1,Yes,True,30,0.9914802312850952
376,1,Yes,1,Yes,True,30,0.9638325572013855
377,0,No,0,No,True,29,0.9971874356269836
378,0,No,0,No,True,27,0.9991713762283325
379,0,No,0,No,True,29,0.9988797307014465
380,0,No,0,No,True,28,0.9001160264015198
381,0,No,1,Yes,False,-1,0.07072272896766663
382,0,No,0,No,True,29,0.9996097683906555
383,0,No,0,No,True,29,0.9996355772018433
384,0,No,0,No,True,27,0.949551522731781
385,1,Yes,1,Yes,True,30,0.9916468858718872
386,1,Yes,1,Yes,True,30,0.9852343201637268
387,0,No,0,No,True,27,0.9989610910415649
388,1,Yes,1,Yes,True,-1,0.6344014406204224
389,1,Yes,1,Yes,True,30,0.9954811334609985
390,0,No,0,No,True,30,0.999560534954071
391,1,Yes,1,Yes,True,30,0.9558364748954773
392,0,No,0,No,True,30,0.9994704127311707
393,1,Yes,1,Yes,True,30,0.9938415288925171
394,1,Yes,0,No,False,-1,0.39325904846191406
395,0,No,0,No,True,28,0.9453335404396057
396,1,Yes,1,Yes,True,30,0.990726113319397
397,0,No,0,No,True,27,0.9987314343452454
398,1,Yes,1,Yes,True,30,0.9980387091636658
399,1,Yes,1,Yes,True,30,0.9869128465652466
400,0,No,0,No,True,30,0.9992313385009766
401,0,No,0,No,True,29,0.9997114539146423
402,1,Yes,1,Yes,True,30,0.988192617893219
403,0,No,0,No,True,27,0.9826265573501587
404,1,Yes,1,Yes,True,-1,0.44082310795783997
405,0,No,0,No,True,27,0.987572193145752
406,0,No,0,No,True,27,0.9929810762405396
407,0,No,0,No,True,27,0.8984637260437012
408,1,Yes,1,Yes,True,30,0.9907768964767456
409,0,No,0,No,True,29,0.9992634654045105
410,1,Yes,1,Yes,True,30,0.9978814721107483
411,0,No,0,No,True,30,0.9987568855285645
412,1,Yes,1,Yes,True,30,0.9977705478668213
413,1,Yes,0,No,False,-1,0.00034046731889247894
414,0,No,0,No,True,28,0.9992838501930237
415,0,No,0,No,True,30,0.9984601736068726
416,0,No,0,No,True,28,0.9178122282028198
417,1,Yes,1,Yes,True,30,0.991333544254303
418,1,Yes,0,No,False,-1,0.4099594056606293
419,0,No,0,No,True,29,0.9277467131614685
420,0,No,1,Yes,False,-1,0.00020666740601882339
421,1,Yes,1,Yes,True,30,0.9971833825111389
422,0,No,0,No,True,29,0.9996938705444336
423,1,Yes,1,Yes,True,30,0.9933485388755798
424,0,No,0,No,True,30,0.9994990825653076
425,1,Yes,0,No,False,-1,0.010643847286701202
426,1,Yes,0,No,False,-1,0.11585654318332672
427,1,Yes,1,Yes,True,30,0.9961885809898376
428,1,Yes,0,No,False,-1,0.3836287558078766
429,0,No,0,No,True,29,0.9984403252601624
430,0,No,0,No,True,27,0.9989307522773743
431,1,Yes,1,Yes,True,31,0.9312841296195984
432,1,Yes,1,Yes,True,31,0.848061740398407
433,1,Yes,1,Yes,True,30,0.9944044351577759
434,1,Yes,1,Yes,True,30,0.9983803033828735
435,0,No,0,No,True,29,0.9996973276138306
436,1,Yes,1,Yes,True,30,0.9975243210792542
437,1,Yes,1,Yes,True,30,0.9966141581535339
438,1,Yes,1,Yes,True,-1,0.5616099238395691
439,1,Yes,1,Yes,True,30,0.987996518611908
440,1,Yes,1,Yes,True,-1,0.4299025237560272
441,1,Yes,1,Yes,True,30,0.998474657535553
442,1,Yes,1,Yes,True,30,0.9516751170158386
443,1,Yes,0,No,False,-1,0.1444511115550995
444,0,No,0,No,True,27,0.9955638647079468
445,0,No,1,Yes,False,-1,0.1974361538887024
446,1,Yes,1,Yes,True,30,0.994404673576355
447,0,No,0,No,True,29,0.9991596937179565
448,1,Yes,1,Yes,True,30,0.9835824966430664
449,1,Yes,1,Yes,True,31,0.9054201245307922
450,1,Yes,1,Yes,True,30,0.9976104497909546
451,0,No,0,No,True,28,0.9058617949485779
452,0,No,0,No,True,30,0.5381655097007751
453,0,No,0,No,True,28,0.996338963508606
454,0,No,0,No,True,29,0.9353346824645996
455,1,Yes,1,Yes,True,30,0.965128481388092
456,1,Yes,1,Yes,True,30,0.999085545539856
457,0,No,0,No,True,30,0.9727325439453125
458,1,Yes,0,No,False,-1,0.20432613790035248
459,1,Yes,1,Yes,True,-1,0.6843636631965637
460,0,No,0,No,True,27,0.9714265465736389
461,1,Yes,1,Yes,True,-1,0.607036828994751
462,0,No,1,Yes,False,-1,0.00014175899559631944
463,0,No,1,Yes,False,-1,0.1653202325105667
464,1,Yes,1,Yes,True,30,0.9527177214622498
465,1,Yes,1,Yes,True,31,0.8257133960723877
466,1,Yes,0,No,False,-1,0.0019864575006067753
467,0,No,0,No,True,29,0.9879224896430969
468,1,Yes,1,Yes,True,30,0.9667370915412903
469,1,Yes,1,Yes,True,30,0.9960635304450989
470,0,No,0,No,True,27,0.9794517755508423
471,1,Yes,1,Yes,True,30,0.9923116564750671
472,0,No,0,No,True,28,0.9987568855285645
473,1,Yes,1,Yes,True,30,0.9951150417327881
474,0,No,1,Yes,False,-1,0.11532897502183914
475,1,Yes,1,Yes,True,31,0.8179163932800293
476,1,Yes,1,Yes,True,30,0.9950721859931946
477,1,Yes,1,Yes,True,30,0.9946222305297852
478,1,Yes,1,Yes,True,30,0.991258442401886
479,1,Yes,1,Yes,True,30,0.9982665777206421
480,0,No,0,No,True,28,0.9890095591545105
481,1,Yes,1,Yes,True,30,0.9904344081878662
482,1,Yes,1,Yes,True,31,0.8972174525260925
483,0,No,0,No,True,29,0.9990224838256836
484,1,Yes,1,Yes,True,30,0.9553132057189941
485,0,No,0,No,True,27,0.9985106587409973
486,1,Yes,1,Yes,True,30,0.9764935374259949
487,1,Yes,1,Yes,True,30,0.9822201728820801
488,1,Yes,1,Yes,True,-1,0.7697836756706238
489,0,No,0,No,True,29,0.9996274709701538
490,1,Yes,1,Yes,True,30,0.9963527917861938
491,1,Yes,1,Yes,True,30,0.9933673739433289
492,0,No,0,No,True,30,0.9978234767913818
493,1,Yes,1,Yes,True,30,0.9974938631057739
494,1,Yes,1,Yes,True,30,0.9046301245689392
495,1,Yes,1,Yes,True,30,0.9888861179351807
496,0,No,0,No,True,29,0.9987516403198242
497,1,Yes,1,Yes,True,31,0.8881978988647461
498,1,Yes,1,Yes,True,30,0.9925048351287842
499,1,Yes,1,Yes,True,31,0.9283924698829651
500,1,Yes,1,Yes,True,30,0.9724473357200623
501,1,Yes,0,No,False,-1,0.006325702648609877
502,0,No,0,No,True,27,0.9983324408531189
503,1,Yes,1,Yes,True,31,0.8753477334976196
504,0,No,0,No,True,29,0.9971877932548523
505,0,No,0,No,True,27,0.9987210631370544
506,1,Yes,1,Yes,True,31,0.949310839176178
507,1,Yes,1,Yes,True,30,0.9855858683586121
508,1,Yes,0,No,False,-1,0.010792062617838383
509,0,No,1,Yes,False,-1,0.0023741628974676132
510,0,No,0,No,True,29,0.997645914554596
511,1,Yes,1,Yes,True,30,0.9764553904533386
512,0,No,0,No,True,27,0.8178752064704895
513,1,Yes,1,Yes,True,30,0.9948984980583191
514,1,Yes,1,Yes,True,30,0.9758611917495728
515,1,Yes,1,Yes,True,-1,0.6085541248321533
516,1,Yes,1,Yes,True,31,0.8524305820465088
517,1,Yes,1,Yes,True,30,0.993517279624939
518,1,Yes,1,Yes,True,30,0.8966497182846069
519,1,Yes,1,Yes,True,31,0.8911145925521851
520,1,Yes,1,Yes,True,30,0.9974236488342285
521,0,No,0,No,True,28,0.9978786706924438
522,1,Yes,1,Yes,True,30,0.9873238801956177
523,1,Yes,1,Yes,True,-1,0.755939245223999
524,0,No,1,Yes,False,-1,0.0002648548106662929
525,1,Yes,1,Yes,True,30,0.9927355051040649
526,1,Yes,0,No,False,-1,0.013794554397463799
527,1,Yes,1,Yes,True,30,0.9927327036857605
528,1,Yes,1,Yes,True,30,0.9950946569442749
529,1,Yes,1,Yes,True,30,0.9950734972953796
530,0,No,0,No,True,27,0.9994874000549316
531,1,Yes,1,Yes,True,30,0.9973381161689758
532,1,Yes,1,Yes,True,30,0.9970968961715698
533,1,Yes,0,No,False,-1,0.00046491745160892606
534,1,Yes,1,Yes,True,30,0.9979789853096008
535,0,No,0,No,True,29,0.9989317059516907
536,1,Yes,1,Yes,True,30,0.9474815130233765
537,1,Yes,1,Yes,True,30,0.9982155561447144
538,1,Yes,1,Yes,True,30,0.9867796897888184
539,1,Yes,1,Yes,True,30,0.9949358701705933
540,1,Yes,1,Yes,True,30,0.9568073153495789
541,1,Yes,0,No,False,-1,0.20153865218162537
542,1,Yes,1,Yes,True,-1,0.5473717451095581
543,1,Yes,1,Yes,True,30,0.9897077083587646
544,1,Yes,1,Yes,True,30,0.991144061088562
545,0,No,0,No,True,27,0.9834778904914856
546,1,Yes,1,Yes,True,30,0.9900504350662231
547,0,No,0,No,True,27,0.9495999217033386
548,1,Yes,1,Yes,True,-1,0.617169976234436
549,1,Yes,1,Yes,True,30,0.9361422657966614
550,1,Yes,0,No,False,-1,0.299325168132782
551,1,Yes,0,No,False,-1,0.16143831610679626
552,1,Yes,1,Yes,True,30,0.9573294520378113
553,1,Yes,1,Yes,True,30,0.9903000593185425
554,1,Yes,0,No,False,-1,0.02548973262310028
555,0,No,0,No,True,27,0.9871534705162048
556,1,Yes,0,No,False,-1,0.09065941721200943
557,1,Yes,1,Yes,True,30,0.9893234372138977
558,1,Yes,1,Yes,True,30,0.95815110206604
559,1,Yes,1,Yes,True,30,0.9901706576347351
560,1,Yes,1,Yes,True,30,0.9755178689956665
561,0,No,0,No,True,28,0.9989861845970154
562,1,Yes,1,Yes,True,30,0.9778619408607483
563,1,Yes,1,Yes,True,30,0.9769935011863708
564,0,No,0,No,True,29,0.9997225403785706
565,1,Yes,1,Yes,True,30,0.9861206412315369
566,1,Yes,1,Yes,True,30,0.9966536164283752
567,1,Yes,1,Yes,True,30,0.9967691898345947
568,0,No,0,No,True,28,0.9915050864219666
569,1,Yes,1,Yes,True,30,0.9931017160415649
570,1,Yes,0,No,False,-1,0.30850523710250854
571,1,Yes,1,Yes,True,30,0.9935425519943237
572,0,No,0,No,True,27,0.8048460483551025
573,0,No,1,Yes,False,-1,0.019773513078689575
574,1,Yes,1,Yes,True,30,0.9753815531730652
575,0,No,0,No,True,29,0.998485267162323
576,1,Yes,1,Yes,True,-1,0.7391411066055298
577,0,No,0,No,True,29,0.9898631572723389
578,0,No,0,No,True,29,0.9978639483451843
579,1,Yes,0,No,False,-1,0.0230978112667799
580,0,No,1,Yes,False,-1,0.36755654215812683
581,0,No,0,No,True,29,0.9988032579421997
582,1,Yes,1,Yes,True,30,0.996971845626831
583,1,Yes,1,Yes,True,30,0.9454839825630188
584,1,Yes,1,Yes,True,30,0.9920114874839783
585,1,Yes,1,Yes,True,30,0.9910821914672852
586,1,Yes,1,Yes,True,31,0.8797045350074768
587,0,No,0,No,True,29,0.9948398470878601
588,1,Yes,0,No,False,-1,0.3398987352848053
589,0,No,0,No,True,28,0.9866328239440918
590,0,No,0,No,True,29,0.9994497895240784
591,1,Yes,1,Yes,True,30,0.9978137016296387
592,0,No,0,No,True,29,0.9993151426315308
593,0,No,0,No,True,29,0.9989749193191528
594,1,Yes,1,Yes,True,30,0.9254015684127808
595,1,Yes,1,Yes,True,30,0.9953992962837219
596,1,Yes,0,No,False,-1,7.029366679489613e-05
597,0,No,0,No,True,27,0.9974738955497742
598,0,No,1,Yes,False,-1,0.03203684836626053
599,1,Yes,1,Yes,True,30,0.9974821209907532
600,0,No,1,Yes,False,-1,0.35643213987350464
601,0,No,0,No,True,29,0.9990679621696472
602,1,Yes,1,Yes,True,30,0.9581640958786011
603,0,No,1,Yes,False,-1,0.2371789664030075
604,1,Yes,1,Yes,True,31,0.9519678354263306
605,1,Yes,1,Yes,True,31,0.9141759872436523
606,0,No,0,No,True,27,0.931402862071991
607,1,Yes,1,Yes,True,30,0.99413001537323
608,1,Yes,1,Yes,True,30,0.9933918118476868
609,1,Yes,1,Yes,True,30,0.993631899356842
610,1,Yes,1,Yes,True,30,0.998759388923645
611,0,No,0,No,True,27,0.9218191504478455
612,1,Yes,1,Yes,True,30,0.9946609139442444
613,1,Yes,1,Yes,True,30,0.9893430471420288
614,1,Yes,1,Yes,True,30,0.9935330152511597
615,1,Yes,0,No,False,-1,0.0004303863679524511
616,0,No,0,No,True,29,0.9993114471435547
617,1,Yes,1,Yes,True,30,0.9975742697715759
618,0,No,0,No,True,29,0.9984478950500488
619,0,No,0,No,True,28,0.9993252754211426
620,1,Yes,0,No,False,-1,0.018032416701316833
621,1,Yes,1,Yes,True,30,0.9444872736930847
622,1,Yes,1,Yes,True,30,0.9973610043525696
623,0,No,0,No,True,27,0.979649543762207
624,1,Yes,1,Yes,True,31,0.8970741033554077
625,0,No,1,Yes,False,-1,0.03308303281664848
626,0,No,0,No,True,30,0.9983618855476379
627,1,Yes,1,Yes,True,30,0.9920028448104858
628,0,No,0,No,True,28,0.998448371887207
629,1,Yes,1,Yes,True,30,0.9954420328140259
630,0,No,0,No,True,28,0.9963405132293701
631,1,Yes,1,Yes,True,30,0.9886142015457153
632,1,Yes,1,Yes,True,31,0.9399980902671814
633,0,No,0,No,True,29,0.9992781281471252
634,1,Yes,0,No,False,-1,0.03148214891552925
635,0,No,0,No,True,29,0.7833872437477112
636,0,No,0,No,True,27,0.9899417757987976
637,1,Yes,1,Yes,True,30,0.9472483396530151
638,1,Yes,1,Yes,True,30,0.9970535039901733
639,0,No,0,No,True,27,0.9931167364120483
640,0,No,0,No,True,29,0.9987724423408508
641,0,No,0,No,True,29,0.9995493292808533
642,1,Yes,1,Yes,True,30,0.9715108871459961
643,1,Yes,1,Yes,True,30,0.9952287673950195
644,1,Yes,1,Yes,True,30,0.9949145317077637
645,0,No,0,No,True,29,0.9900139570236206
646,1,Yes,1,Yes,True,30,0.970764696598053
647,0,No,0,No,True,28,0.999409556388855
648,0,No,0,No,True,29,0.9985499978065491
649,1,Yes,1,Yes,True,30,0.9986270666122437
650,0,No,1,Yes,False,-1,0.11698754131793976
651,1,Yes,1,Yes,True,30,0.9907185435295105
652,1,Yes,1,Yes,True,30,0.992066502571106
653,0,No,0,No,True,27,0.9992955923080444
654,1,Yes,1,Yes,True,30,0.9400749802589417
655,0,No,0,No,True,29,0.9994094371795654
656,1,Yes,1,Yes,True,30,0.9574429988861084
657,1,Yes,1,Yes,True,30,0.9641191363334656
658,0,No,0,No,True,29,0.9909642934799194
659,1,Yes,0,No,False,-1,0.012597154825925827
660,1,Yes,1,Yes,True,30,0.9883679747581482
661,1,Yes,1,Yes,True,30,0.9941893815994263
662,0,No,0,No,True,30,0.9983750581741333
663,0,No,0,No,True,30,0.9837245941162109
664,1,Yes,1,Yes,True,30,0.9965792298316956
665,1,Yes,1,Yes,True,30,0.9916924238204956
666,1,Yes,1,Yes,True,31,0.8372595310211182
667,1,Yes,0,No,False,-1,0.00988420844078064
668,1,Yes,1,Yes,True,31,0.8388752937316895
669,1,Yes,0,No,False,-1,0.0023895222693681717
670,0,No,0,No,True,29,0.9989226460456848
671,1,Yes,1,Yes,True,30,0.9935345649719238
672,1,Yes,1,Yes,True,30,0.9539330005645752
673,1,Yes,1,Yes,True,31,0.9359738826751709
674,1,Yes,1,Yes,True,30,0.9966875910758972
675,0,No,0,No,True,27,0.9977680444717407
676,0,No,0,No,True,27,0.9968032836914062
677,0,No,0,No,True,29,0.9971694350242615
678,1,Yes,1,Yes,True,30,0.993037760257721
679,1,Yes,1,Yes,True,30,0.9622588753700256
680,1,Yes,1,Yes,True,30,0.936774730682373
681,0,No,0,No,True,27,0.9870092272758484
682,1,Yes,1,Yes,True,30,0.9842970967292786
683,1,Yes,1,Yes,True,30,0.9878454804420471
684,1,Yes,0,No,False,-1,0.46622881293296814
685,0,No,0,No,True,28,0.9743889570236206
686,1,Yes,1,Yes,True,31,0.906027615070343
687,1,Yes,0,No,False,-1,0.0011099621187895536
688,1,Yes,0,No,False,-1,0.20525959134101868
689,0,No,0,No,True,30,0.999568521976471
690,0,No,1,Yes,False,-1,4.493794767768122e-05
691,1,Yes,0,No,False,-1,0.0034230181481689215
692,0,No,0,No,True,30,0.9995531439781189
693,1,Yes,1,Yes,True,30,0.9916195869445801
694,1,Yes,0,No,False,-1,0.008435999974608421
695,1,Yes,1,Yes,True,30,0.9595796465873718
696,1,Yes,1,Yes,True,30,0.9932268261909485
697,1,Yes,1,Yes,True,30,0.9969545602798462
698,1,Yes,1,Yes,True,30,0.950776219367981
699,1,Yes,0,No,False,-1,0.0015926797641441226
700,0,No,0,No,True,29,0.9990658164024353
701,1,Yes,1,Yes,True,30,0.9431795477867126
702,0,No,0,No,True,29,0.8833215832710266
703,1,Yes,1,Yes,True,30,0.9841886758804321
704,1,Yes,1,Yes,True,30,0.9917725920677185
705,1,Yes,1,Yes,True,30,0.8753939867019653
706,1,Yes,1,Yes,True,31,0.8983824253082275
707,1,Yes,0,No,False,-1,0.06621158123016357
708,1,Yes,1,Yes,True,30,0.9717175364494324
709,1,Yes,0,No,False,-1,0.044530898332595825
710,0,No,0,No,True,30,0.9991244673728943
711,1,Yes,1,Yes,True,30,0.9794194102287292
712,0,No,0,No,True,27,0.9987829327583313
713,1,Yes,1,Yes,True,30,0.9880023002624512
714,1,Yes,1,Yes,True,30,0.9948924779891968
715,0,No,1,Yes,False,-1,0.0641561821103096
716,0,No,1,Yes,False,-1,0.043011002242565155
717,1,Yes,1,Yes,True,30,0.958945631980896
718,1,Yes,0,No,False,-1,0.04664437845349312
719,0,No,1,Yes,False,-1,0.09017778933048248
720,1,Yes,1,Yes,True,30,0.9937005043029785
721,0,No,0,No,True,29,0.999099850654602
722,1,Yes,0,No,False,-1,0.0015932550886645913
723,1,Yes,1,Yes,True,30,0.9904106855392456
724,0,No,0,No,True,27,0.9993106126785278
725,0,No,0,No,True,29,0.9994304776191711
726,0,No,1,Yes,False,-1,0.106909841299057
727,1,Yes,1,Yes,True,30,0.9976746439933777
728,0,No,0,No,True,29,0.7939196825027466
729,1,Yes,1,Yes,True,30,0.9862596988677979
730,1,Yes,1,Yes,True,30,0.9939224123954773
731,1,Yes,1,Yes,True,30,0.959694504737854
732,0,No,1,Yes,False,-1,0.001471097581088543
733,1,Yes,0,No,False,-1,0.0006548778619617224
734,1,Yes,1,Yes,True,30,0.994904637336731
735,0,No,0,No,True,29,0.7942617535591125
736,1,Yes,1,Yes,True,31,0.8535172343254089
737,0,No,0,No,True,29,0.9926429390907288
738,1,Yes,1,Yes,True,31,0.8275916576385498
739,0,No,0,No,True,29,0.999377965927124
740,1,Yes,1,Yes,True,30,0.9920151233673096
741,0,No,0,No,True,29,0.9975743889808655
742,1,Yes,1,Yes,True,30,0.9516898989677429
743,0,No,0,No,True,28,0.9997599720954895
744,0,No,0,No,True,27,0.7935743927955627
745,1,Yes,1,Yes,True,30,0.9628348350524902
746,1,Yes,1,Yes,True,30,0.9928324222564697
747,1,Yes,1,Yes,True,30,0.93021559715271
748,1,Yes,1,Yes,True,30,0.932412326335907
749,1,Yes,0,No,False,-1,0.003306717611849308
750,1,Yes,1,Yes,True,30,0.9911617040634155
751,1,Yes,1,Yes,True,30,0.9904478788375854
752,1,Yes,1,Yes,True,30,0.9910184144973755
753,1,Yes,1,Yes,True,30,0.9980202913284302
754,1,Yes,1,Yes,True,-1,0.6789308786392212
755,1,Yes,1,Yes,True,30,0.9886566400527954
756,0,No,0,No,True,29,0.785933792591095
757,1,Yes,1,Yes,True,30,0.9367159605026245
758,0,No,0,No,True,27,0.7969768047332764
759,1,Yes,1,Yes,True,30,0.969103217124939
760,0,No,0,No,True,28,0.9993975162506104
761,1,Yes,1,Yes,True,30,0.984775722026825
762,0,No,1,Yes,False,-1,0.03981329873204231
763,1,Yes,1,Yes,True,30,0.9926175475120544
764,1,Yes,1,Yes,True,30,0.9880946278572083
765,1,Yes,0,No,False,-1,0.0013918316690251231
766,1,Yes,1,Yes,True,-1,0.7356921434402466
767,1,Yes,1,Yes,True,-1,0.6470680236816406
768,0,No,0,No,True,30,0.9994819760322571
769,1,Yes,1,Yes,True,30,0.996677041053772
770,1,Yes,1,Yes,True,30,0.9930275082588196
771,0,No,1,Yes,False,-1,0.06327148526906967
772,0,No,0,No,True,30,0.9988196492195129
773,1,Yes,1,Yes,True,30,0.9979097247123718
774,0,No,0,No,True,30,0.9996001124382019
775,0,No,0,No,True,29,0.9975618124008179
776,1,Yes,1,Yes,True,-1,0.6955220699310303
777,1,Yes,1,Yes,True,30,0.9920397996902466
778,1,Yes,1,Yes,True,31,0.841535210609436
779,1,Yes,1,Yes,True,30,0.9935930371284485
780,0,No,0,No,True,27,0.7665473222732544
781,1,Yes,1,Yes,True,30,0.9507798552513123
782,0,No,0,No,True,29,0.9994595646858215
783,1,Yes,0,No,False,-1,0.2586013078689575
784,1,Yes,0,No,False,-1,0.002794642234221101
785,0,No,0,No,True,27,0.9575430154800415
786,1,Yes,1,Yes,True,30,0.9840227365493774
787,0,No,1,Yes,False,-1,0.3256515860557556
788,0,No,0,No,True,29,0.9424672722816467
789,1,Yes,1,Yes,True,30,0.9911227226257324
790,0,No,0,No,True,29,0.9992627501487732
791,1,Yes,1,Yes,True,31,0.8955503702163696
792,1,Yes,0,No,False,-1,0.00029108740272931755
793,1,Yes,1,Yes,True,30,0.997866690158844
794,1,Yes,0,No,False,-1,0.02440338209271431
795,1,Yes,1,Yes,True,-1,0.5976759791374207
796,1,Yes,0,No,False,-1,0.00045816387864761055
797,1,Yes,1,Yes,True,30,0.9978971481323242
798,1,Yes,1,Yes,True,30,0.9897202849388123
799,0,No,0,No,True,27,0.9324563145637512
800,1,Yes,1,Yes,True,30,0.9866967797279358
801,1,Yes,1,Yes,True,30,0.9961584210395813
802,1,Yes,1,Yes,True,31,0.8661184310913086
803,0,No,0,No,True,29,0.9765423536300659
804,1,Yes,1,Yes,True,30,0.979608952999115
805,0,No,0,No,True,29,0.990750253200531
806,1,Yes,1,Yes,True,30,0.9879242181777954
807,1,Yes,1,Yes,True,30,0.9822914600372314
808,1,Yes,0,No,False,-1,0.000814734201412648
809,1,Yes,1,Yes,True,30,0.8989459872245789
810,1,Yes,1,Yes,True,30,0.9972755312919617
811,1,Yes,0,No,False,-1,0.047479450702667236
812,1,Yes,1,Yes,True,30,0.9898847341537476
813,1,Yes,1,Yes,True,30,0.9949959516525269
814,1,Yes,1,Yes,True,30,0.9965811371803284
815,1,Yes,1,Yes,True,30,0.9675412774085999
816,1,Yes,0,No,False,-1,0.05473443493247032
817,0,No,0,No,True,29,0.9994106292724609
818,0,No,0,No,True,29,0.9989708662033081
819,0,No,0,No,True,27,0.9993345141410828
820,1,Yes,1,Yes,True,31,0.9332983493804932
821,1,Yes,1,Yes,True,30,0.9526525735855103
822,0,No,1,Yes,False,-1,0.20965564250946045
823,0,No,0,No,True,29,0.9993470311164856
824,1,Yes,1,Yes,True,30,0.9480773210525513
825,1,Yes,1,Yes,True,-1,0.7529801726341248
826,1,Yes,1,Yes,True,30,0.994167685508728
827,1,Yes,0,No,False,-1,0.007427635136991739
828,0,No,0,No,True,29,0.9995692372322083
829,1,Yes,1,Yes,True,30,0.9924690127372742
830,1,Yes,1,Yes,True,30,0.9776400327682495
831,1,Yes,1,Yes,True,30,0.9900016784667969
832,1,Yes,1,Yes,True,30,0.9929097294807434
833,1,Yes,1,Yes,True,30,0.9788205027580261
834,1,Yes,1,Yes,True,30,0.9920909404754639
835,0,No,0,No,True,29,0.999184787273407
836,0,No,0,No,True,27,0.9823185205459595
837,0,No,0,No,True,29,0.9997473359107971
838,1,Yes,1,Yes,True,30,0.9939509630203247
839,1,Yes,0,No,False,-1,0.35558727383613586
840,1,Yes,1,Yes,True,30,0.9608163833618164
841,0,No,0,No,True,27,0.8537063002586365
842,1,Yes,1,Yes,True,30,0.9913984537124634
843,0,No,0,No,True,28,0.9877020716667175
844,1,Yes,1,Yes,True,31,0.8121858835220337
845,0,No,0,No,True,29,0.9963467717170715
846,0,No,0,No,True,29,0.9993051290512085
847,1,Yes,1,Yes,True,30,0.9895026683807373
848,1,Yes,1,Yes,True,30,0.9877666234970093
849,1,Yes,1,Yes,True,31,0.95918869972229
850,1,Yes,1,Yes,True,30,0.9968434572219849
851,0,No,0,No,True,29,0.9987002611160278
852,0,No,0,No,True,30,0.997665286064148
853,1,Yes,1,Yes,True,31,0.8091869950294495
854,1,Yes,1,Yes,True,30,0.9764728546142578
855,1,Yes,1,Yes,True,31,0.9035219550132751
856,0,No,0,No,True,27,0.9985947012901306
857,0,No,0,No,True,27,0.9995924830436707
858,0,No,1,Yes,False,-1,0.0020083028357475996
859,1,Yes,1,Yes,True,30,0.9935626983642578
860,0,No,0,No,True,29,0.9984481334686279
861,0,No,0,No,True,30,0.9955294728279114
862,0,No,0,No,True,29,0.9990023970603943
863,0,No,0,No,True,29,0.8697845339775085
864,1,Yes,1,Yes,True,30,0.9539822340011597
865,1,Yes,1,Yes,True,30,0.9902064204216003
866,1,Yes,1,Yes,True,30,0.9881901741027832
867,0,No,0,No,True,28,0.9912785887718201
868,1,Yes,0,No,False,-1,0.003529935609549284
869,1,Yes,0,No,False,-1,0.04513363167643547
870,1,Yes,1,Yes,True,30,0.8887072205543518
871,1,Yes,0,No,False,-1,0.46148326992988586
872,0,No,0,No,True,27,0.9131653308868408
873,0,No,0,No,True,29,0.984940230846405
874,0,No,0,No,True,29,0.9992002844810486
875,1,Yes,1,Yes,True,30,0.9955921769142151
876,0,No,0,No,True,27,0.9462478160858154
877,1,Yes,0,No,False,-1,0.13386079668998718
878,1,Yes,1,Yes,True,30,0.988012433052063
879,0,No,0,No,True,29,0.9985558390617371
880,1,Yes,1,Yes,True,30,0.9970623850822449
881,0,No,0,No,True,27,0.6775678396224976
882,1,Yes,0,No,False,-1,0.004026956856250763
883,1,Yes,1,Yes,True,30,0.9881182312965393
884,0,No,0,No,True,27,0.9996981620788574
885,1,Yes,1,Yes,True,30,0.9976304769515991
886,0,No,0,No,True,28,0.9876202940940857
887,0,No,0,No,True,28,0.9993898868560791
888,1,Yes,1,Yes,True,31,0.9056328535079956
889,1,Yes,0,No,False,-1,0.0011097011156380177
890,0,No,0,No,True,29,0.9984045624732971
891,1,Yes,1,Yes,True,30,0.989129900932312
892,1,Yes,1,Yes,True,30,0.9766675233840942
893,1,Yes,1,Yes,True,30,0.9812015295028687
894,1,Yes,1,Yes,True,31,0.8898851871490479
895,1,Yes,0,No,False,-1,0.06621189415454865
896,0,No,0,No,True,27,0.9573134183883667
897,0,No,0,No,True,29,0.9993771910667419
898,1,Yes,1,Yes,True,30,0.9937446713447571
899,1,Yes,1,Yes,True,30,0.9934976100921631
900,0,No,0,No,True,29,0.9970816969871521
901,1,Yes,1,Yes,True,30,0.9976939558982849
902,1,Yes,1,Yes,True,30,0.9657612442970276
903,0,No,0,No,True,27,0.9768171906471252
904,0,No,0,No,True,30,0.9994588494300842
905,0,No,0,No,True,29,0.9992579817771912
906,1,Yes,1,Yes,True,30,0.9685473442077637
907,0,No,1,Yes,False,-1,0.2704803943634033
908,0,No,0,No,True,27,0.9980226755142212
909,0,No,0,No,True,29,0.8414177894592285
910,0,No,0,No,True,29,0.9990481734275818
911,1,Yes,0,No,False,-1,0.05879237502813339
912,0,No,0,No,True,28,0.9988791346549988
913,0,No,0,No,True,27,0.9744352698326111
914,1,Yes,1,Yes,True,30,0.9958897233009338
915,0,No,0,No,True,27,0.9923132061958313
916,0,No,0,No,True,29,0.9994288086891174
917,0,No,0,No,True,29,0.9976736903190613
918,1,Yes,1,Yes,True,30,0.9914593696594238
919,0,No,0,No,True,29,0.996713399887085
920,1,Yes,1,Yes,True,30,0.9907536506652832
921,1,Yes,1,Yes,True,30,0.9563986659049988
922,1,Yes,1,Yes,True,30,0.819543719291687
923,0,No,0,No,True,29,0.9995484948158264
924,1,Yes,1,Yes,True,30,0.9601024389266968
925,1,Yes,1,Yes,True,30,0.9943059086799622
926,0,No,0,No,True,29,0.9991983771324158
927,1,Yes,1,Yes,True,30,0.9675411581993103
928,1,Yes,1,Yes,True,30,0.9910515546798706
929,1,Yes,1,Yes,True,31,0.9395986199378967
930,0,No,0,No,True,28,0.953042209148407
931,1,Yes,1,Yes,True,31,0.9053648114204407
932,0,No,0,No,True,29,0.9990155696868896
933,1,Yes,1,Yes,True,30,0.9858254790306091
934,1,Yes,1,Yes,True,30,0.9945541620254517
935,1,Yes,1,Yes,True,30,0.9920022487640381
936,1,Yes,1,Yes,True,30,0.9734892249107361
937,0,No,0,No,True,29,0.9993284940719604
938,1,Yes,1,Yes,True,30,0.9745647311210632
939,1,Yes,1,Yes,True,30,0.9974318146705627
940,0,No,0,No,True,30,0.9993001222610474
941,0,No,0,No,True,29,0.9989325404167175
942,0,No,0,No,True,29,0.9855552911758423
943,0,No,0,No,True,29,0.9995429515838623
944,1,Yes,1,Yes,True,30,0.9172012805938721
945,1,Yes,1,Yes,True,30,0.9917579293251038
946,1,Yes,1,Yes,True,31,0.9079422950744629
947,1,Yes,1,Yes,True,-1,0.6506431698799133
948,1,Yes,0,No,False,-1,0.13670013844966888
949,1,Yes,0,No,False,-1,4.980695666745305e-05
950,0,No,0,No,True,30,0.9986525774002075
951,1,Yes,0,No,False,-1,0.05727216973900795
952,1,Yes,1,Yes,True,31,0.9559311866760254
953,0,No,0,No,True,29,0.9994031190872192
954,1,Yes,1,Yes,True,30,0.9836286306381226
955,0,No,0,No,True,29,0.9994220733642578
956,1,Yes,1,Yes,True,31,0.9273015260696411
957,0,No,0,No,True,27,0.9922943115234375
958,1,Yes,0,No,False,-1,0.11853044480085373
959,1,Yes,0,No,False,-1,0.3951188921928406
960,0,No,0,No,True,27,0.9993066787719727
961,1,Yes,1,Yes,True,30,0.9748530983924866
962,0,No,0,No,True,28,0.9981781244277954
963,0,No,1,Yes,False,-1,0.22288429737091064
964,1,Yes,1,Yes,True,-1,0.4506531357765198
965,1,Yes,0,No,False,-1,0.00031938377651385963
966,1,Yes,1,Yes,True,30,0.9828612804412842
967,1,Yes,0,No,False,-1,0.4252573251724243
968,1,Yes,1,Yes,True,30,0.9964332580566406
969,0,No,0,No,True,27,0.9985551238059998
970,0,No,0,No,True,27,0.9863120913505554
971,1,Yes,1,Yes,True,30,0.9441043734550476
972,0,No,1,Yes,False,-1,0.0002371159935137257
973,1,Yes,1,Yes,True,30,0.9849795699119568
974,1,Yes,1,Yes,True,30,0.9748919606208801
975,0,No,0,No,True,30,0.9987519979476929
976,1,Yes,1,Yes,True,30,0.9984394907951355
977,0,No,0,No,True,27,0.9515573382377625
978,1,Yes,1,Yes,True,30,0.9969112277030945
979,1,Yes,1,Yes,True,30,0.9712374806404114
980,0,No,1,Yes,False,-1,0.1987234205007553
981,1,Yes,1,Yes,True,30,0.9968827962875366
982,0,No,0,No,True,29,0.8726598024368286
983,1,Yes,1,Yes,True,30,0.9817714691162109
984,1,Yes,1,Yes,True,30,0.9726985692977905
985,1,Yes,1,Yes,True,30,0.9894149303436279
986,1,Yes,1,Yes,True,31,0.9110711216926575
987,1,Yes,1,Yes,True,30,0.9950666427612305
988,1,Yes,1,Yes,True,31,0.9267404675483704
989,1,Yes,1,Yes,True,30,0.9919123649597168
990,1,Yes,1,Yes,True,30,0.9959136843681335
991,0,No,0,No,True,29,0.9995637536048889
992,1,Yes,1,Yes,True,31,0.8450148701667786
993,1,Yes,1,Yes,True,30,0.9958670139312744
994,1,Yes,1,Yes,True,30,0.9964052438735962
995,0,No,0,No,True,30,0.999677300453186
996,1,Yes,0,No,False,-1,0.0025055911391973495
997,0,No,0,No,True,27,0.9964807629585266
998,0,No,0,No,True,27,0.9932965636253357
999,1,Yes,1,Yes,True,30,0.9888495802879333
1000,0,No,0,No,True,30,0.9981611371040344
1001,1,Yes,1,Yes,True,30,0.9925734996795654
1002,0,No,0,No,True,29,0.9934598207473755
1003,0,No,1,Yes,False,-1,0.0013733037048950791
1004,0,No,0,No,True,28,0.9980939030647278
1005,0,No,0,No,True,29,0.999339759349823
1006,1,Yes,1,Yes,True,31,0.9174327850341797
1007,1,Yes,1,Yes,True,30,0.9966957569122314
1008,0,No,1,Yes,False,-1,0.23313769698143005
1009,1,Yes,1,Yes,True,30,0.9955293536186218
1010,1,Yes,0,No,False,-1,0.011880568228662014
1011,0,No,0,No,True,27,0.9993898868560791
1012,1,Yes,1,Yes,True,30,0.9884507656097412
1013,1,Yes,1,Yes,True,30,0.9771165251731873
1014,1,Yes,1,Yes,True,30,0.9556923508644104
1015,0,No,0,No,True,29,0.9858681559562683
1016,0,No,0,No,True,27,0.9994760155677795
1017,0,No,0,No,True,29,0.9996960163116455
1018,0,No,0,No,True,29,0.9996792078018188
1019,1,Yes,1,Yes,True,31,0.9281449913978577
1020,0,No,0,No,True,28,0.9957398176193237
1021,1,Yes,1,Yes,True,30,0.9519834518432617
1022,1,Yes,1,Yes,True,30,0.9971143007278442
1023,1,Yes,1,Yes,True,-1,0.5270544290542603
1024,0,No,0,No,True,27,0.9898339509963989
1025,1,Yes,0,No,False,-1,0.4667394459247589
1026,1,Yes,1,Yes,True,30,0.9949389696121216
1027,0,No,0,No,True,29,0.9981075525283813
1028,1,Yes,1,Yes,True,30,0.9944538474082947
1029,1,Yes,1,Yes,True,30,0.9992762207984924
1030,0,No,0,No,True,27,0.9982892870903015
1031,1,Yes,1,Yes,True,30,0.9955997467041016
1032,0,No,0,No,True,29,0.9992596507072449
1033,0,No,0,No,True,28,0.9994887113571167
1034,0,No,0,No,True,29,0.962546706199646
1035,1,Yes,1,Yes,True,30,0.9917353987693787
1036,0,No,0,No,True,29,0.9990492463111877
1037,0,No,0,No,True,29,0.9989362359046936
1038,1,Yes,0,No,False,-1,0.18391528725624084
1039,1,Yes,1,Yes,True,30,0.990251898765564
1040,1,Yes,1,Yes,True,30,0.9957219362258911
1041,0,No,0,No,True,30,0.5260486006736755
1042,1,Yes,1,Yes,True,30,0.9564502239227295
1043,1,Yes,1,Yes,True,30,0.9929920434951782
1044,1,Yes,1,Yes,True,30,0.9842901825904846
1045,1,Yes,1,Yes,True,30,0.9868842363357544
1046,0,No,0,No,True,30,0.9988037347793579
1047,1,Yes,1,Yes,True,30,0.994966447353363
1048,1,Yes,1,Yes,True,30,0.9690020084381104
1049,0,No,0,No,True,27,0.9878107905387878
1050,1,Yes,1,Yes,True,30,0.995422899723053
1051,1,Yes,0,No,False,-1,0.0007202214910648763
1052,1,Yes,0,No,False,-1,0.45305195450782776
1053,1,Yes,1,Yes,True,-1,0.7764198780059814
1054,0,No,0,No,True,30,0.9993927478790283
1055,0,No,0,No,True,28,0.9938595294952393
1056,0,No,0,No,True,28,0.9984366297721863
1057,1,Yes,1,Yes,True,30,0.986781656742096
1058,0,No,0,No,True,29,0.9631497859954834
1059,1,Yes,1,Yes,True,30,0.9694319367408752
1060,1,Yes,1,Yes,True,30,0.9632505178451538
1061,1,Yes,1,Yes,True,30,0.9903532266616821
1062,1,Yes,0,No,False,-1,0.3614879846572876
1063,0,No,0,No,True,27,0.9982764720916748
1064,1,Yes,1,Yes,True,31,0.9321041107177734
1065,1,Yes,0,No,False,-1,0.32286980748176575
1066,1,Yes,1,Yes,True,31,0.8636061549186707
1067,0,No,0,No,True,29,0.9994639754295349
1068,0,No,0,No,True,28,0.9995424747467041
1069,0,No,0,No,True,29,0.9921787977218628
1070,0,No,0,No,True,29,0.805629551410675
1071,1,Yes,1,Yes,True,30,0.9635645747184753
1072,0,No,0,No,True,28,0.9971141815185547
1073,1,Yes,1,Yes,True,30,0.9964106678962708
1074,1,Yes,0,No,False,-1,0.10200906544923782
1075,0,No,0,No,True,29,0.9992901086807251
1076,1,Yes,1,Yes,True,30,0.9574166536331177
1077,0,No,0,No,True,30,0.998916506767273
1078,1,Yes,1,Yes,True,30,0.9743012189865112
1079,0,No,1,Yes,False,-1,0.0036311468575149775
1080,0,No,0,No,True,29,0.9994088411331177
1081,0,No,0,No,True,29,0.9995706677436829
1082,1,Yes,1,Yes,True,30,0.9937453269958496
1083,1,Yes,1,Yes,True,30,0.994204580783844
1084,1,Yes,1,Yes,True,30,0.9941452741622925
1085,1,Yes,1,Yes,True,30,0.9983412027359009
1086,1,Yes,1,Yes,True,30,0.9987242817878723
1087,0,No,1,Yes,False,-1,0.10348230600357056
1088,1,Yes,1,Yes,True,30,0.9931812882423401
1089,1,Yes,1,Yes,True,30,0.99029541015625
1090,1,Yes,1,Yes,True,30,0.9960451722145081
1091,0,No,0,No,True,29,0.9983829259872437
1092,0,No,0,No,True,29,0.9984357953071594
1093,1,Yes,1,Yes,True,30,0.9951047897338867
1094,1,Yes,1,Yes,True,30,0.9907189011573792
1095,1,Yes,1,Yes,True,30,0.9868727922439575
1096,1,Yes,1,Yes,True,31,0.823197066783905
1097,1,Yes,1,Yes,True,30,0.9800823330879211
1098,1,Yes,1,Yes,True,31,0.9429861903190613
1099,1,Yes,0,No,False,-1,0.005627823527902365
1100,1,Yes,1,Yes,True,30,0.9587259888648987
1101,1,Yes,1,Yes,True,30,0.998254120349884
1102,1,Yes,1,Yes,True,-1,0.5469663143157959
1103,0,No,0,No,True,28,0.9990237951278687
1104,0,No,0,No,True,29,0.9651172161102295
1105,0,No,0,No,True,27,0.9975899457931519
1106,1,Yes,1,Yes,True,30,0.9949812293052673
1107,1,Yes,1,Yes,True,30,0.9567360281944275
1108,1,Yes,0,No,False,-1,0.18424004316329956
1109,1,Yes,0,No,False,-1,0.007614292204380035
1110,1,Yes,1,Yes,True,30,0.9979071617126465
1111,1,Yes,1,Yes,True,30,0.9991590976715088
1112,1,Yes,1,Yes,True,30,0.9937084913253784
1113,1,Yes,0,No,False,-1,0.005134236067533493
1114,1,Yes,1,Yes,True,-1,0.794468343257904
1115,1,Yes,0,No,False,-1,0.09347567707300186
1116,1,Yes,1,Yes,True,30,0.9956344962120056
1117,1,Yes,0,No,False,-1,0.0029616891406476498
1118,1,Yes,1,Yes,True,30,0.9937891364097595
1119,1,Yes,1,Yes,True,30,0.9768164753913879
1120,1,Yes,1,Yes,True,30,0.9957665205001831
1121,1,Yes,1,Yes,True,31,0.8756601810455322
1122,0,No,0,No,True,27,0.9961579442024231
1123,1,Yes,1,Yes,True,31,0.9100147485733032
1124,0,No,0,No,True,27,0.9988479614257812
1125,1,Yes,1,Yes,True,30,0.9890150427818298
1126,0,No,0,No,True,27,0.9840061068534851
1127,0,No,0,No,True,29,0.9995923638343811
1128,0,No,0,No,True,27,0.9977890253067017
1129,0,No,0,No,True,29,0.998097836971283
1130,1,Yes,1,Yes,True,30,0.966234028339386
1131,0,No,0,No,True,29,0.9982258677482605
1132,1,Yes,1,Yes,True,30,0.9962671399116516
1133,1,Yes,1,Yes,True,30,0.9968735575675964
1134,0,No,0,No,True,27,0.8305606842041016
1135,1,Yes,0,No,False,-1,0.00924643687903881
1136,1,Yes,0,No,False,-1,0.10102218389511108
1137,1,Yes,1,Yes,True,30,0.9808244705200195
1138,0,No,0,No,True,27,0.9696623086929321
1139,1,Yes,1,Yes,True,30,0.9964607357978821
1140,1,Yes,0,No,False,-1,0.0036806301213800907
1141,1,Yes,1,Yes,True,30,0.9964478015899658
1142,0,No,0,No,True,30,0.9994370341300964
1143,1,Yes,1,Yes,True,30,0.9946097135543823
1144,1,Yes,0,No,False,-1,0.0001397355954395607
1145,0,No,0,No,True,28,0.9926317930221558
1146,1,Yes,1,Yes,True,-1,0.44584929943084717
1147,1,Yes,1,Yes,True,30,0.9796110391616821
1148,1,Yes,1,Yes,True,30,0.9963167905807495
1149,1,Yes,1,Yes,True,-1,0.7109096050262451
1150,0,No,0,No,True,29,0.9988802075386047
1151,0,No,0,No,True,29,0.996193528175354
1152,0,No,0,No,True,28,0.9920639395713806
1153,1,Yes,1,Yes,True,30,0.9933338761329651
1154,0,No,0,No,True,30,0.39245349168777466
1155,1,Yes,1,Yes,True,30,0.9796537756919861
1156,0,No,0,No,True,30,0.7987271547317505
1157,1,Yes,1,Yes,True,30,0.9930439591407776
1158,0,No,0,No,True,29,0.9985217452049255
1159,1,Yes,1,Yes,True,30,0.9626242518424988
1160,0,No,0,No,True,27,0.9958541393280029
1161,1,Yes,0,No,False,-1,0.2511563301086426
1162,0,No,0,No,True,30,0.9941275119781494
1163,0,No,0,No,True,30,0.9973971843719482
1164,0,No,1,Yes,False,-1,0.2394660860300064
1165,0,No,0,No,True,30,0.9996128678321838
1166,0,No,0,No,True,29,0.9990466237068176
1167,1,Yes,1,Yes,True,30,0.9936389327049255
1168,1,Yes,1,Yes,True,30,0.9971087574958801
1169,1,Yes,1,Yes,True,30,0.9480547308921814
1170,0,No,0,No,True,27,0.9897465705871582
1171,0,No,0,No,True,30,0.9989942908287048
1172,1,Yes,1,Yes,True,-1,0.6373726725578308
1173,1,Yes,1,Yes,True,30,0.9678711295127869
1174,1,Yes,1,Yes,True,31,0.9365457892417908
1175,0,No,1,Yes,False,-1,0.00800422951579094
1176,0,No,0,No,True,29,0.9950680732727051
1177,1,Yes,1,Yes,True,30,0.9986812472343445
1178,1,Yes,0,No,False,-1,0.23852215707302094
1179,1,Yes,0,No,False,-1,0.26014554500579834
1180,0,No,0,No,True,27,0.8584752678871155
1181,0,No,1,Yes,False,-1,3.464704059297219e-05
1182,1,Yes,1,Yes,True,-1,0.7875617146492004
1183,1,Yes,0,No,False,-1,0.16722579300403595
1184,0,No,0,No,True,28,0.9974367022514343
1185,0,No,0,No,True,27,0.9984184503555298
1186,1,Yes,1,Yes,True,30,0.9936298727989197
1187,0,No,0,No,True,30,0.9960005879402161
1188,1,Yes,0,No,False,-1,0.06654174625873566
1189,0,No,0,No,True,30,0.9986622333526611
1190,0,No,0,No,True,27,0.9561119675636292
1191,0,No,0,No,True,28,0.9981493949890137
1192,1,Yes,0,No,False,-1,0.003789857029914856
1193,0,No,0,No,True,29,0.9982190728187561
1194,0,No,0,No,True,28,0.9987843632698059
1195,0,No,0,No,True,29,0.9996707439422607
1196,1,Yes,1,Yes,True,30,0.9479882717132568
1197,1,Yes,1,Yes,True,30,0.9969068169593811
1198,0,No,0,No,True,29,0.9977460503578186
1199,0,No,0,No,True,27,0.9996578693389893
1200,0,No,1,Yes,False,-1,0.00047502072993665934
1201,1,Yes,0,No,False,-1,0.31415286660194397
1202,1,Yes,0,No,False,-1,0.40125545859336853
1203,1,Yes,1,Yes,True,30,0.9955846667289734
1204,1,Yes,1,Yes,True,30,0.9930970072746277
1205,1,Yes,1,Yes,True,30,0.9883126616477966
1206,1,Yes,1,Yes,True,30,0.9620370268821716
1207,1,Yes,1,Yes,True,30,0.9967982172966003
1208,1,Yes,1,Yes,True,30,0.9979879856109619
1209,1,Yes,1,Yes,True,31,0.9200441837310791
1210,0,No,0,No,True,30,0.9942769408226013
1211,0,No,0,No,True,29,0.9756498336791992
1212,0,No,0,No,True,29,0.9742509722709656
1213,1,Yes,1,Yes,True,30,0.9910558462142944
1214,0,No,0,No,True,29,0.9648303985595703
1215,1,Yes,0,No,False,-1,0.006743122357875109
1216,1,Yes,1,Yes,True,31,0.838610053062439
1217,1,Yes,0,No,False,-1,0.08890464901924133
1218,0,No,0,No,True,27,0.9233251214027405
1219,0,No,1,Yes,False,-1,0.4290468990802765
1220,1,Yes,1,Yes,True,30,0.9984022974967957
1221,1,Yes,0,No,False,-1,0.039402786642313004
1222,0,No,0,No,True,30,0.9977428913116455
1223,0,No,0,No,True,28,0.9899599552154541
1224,1,Yes,0,No,False,-1,0.027472611516714096
1225,1,Yes,0,No,False,-1,0.04310603067278862
1226,0,No,0,No,True,29,0.9992897510528564
1227,0,No,1,Yes,False,30,0.30619385838508606
1228,1,Yes,1,Yes,True,-1,0.6991323232650757
1229,0,No,0,No,True,30,0.8161425590515137
1230,1,Yes,1,Yes,True,30,0.9966912269592285
1231,1,Yes,1,Yes,True,30,0.9932087063789368
1232,0,No,0,No,True,29,0.9997668862342834
1233,1,Yes,1,Yes,True,30,0.9853094220161438
1234,1,Yes,1,Yes,True,-1,0.533595621585846
1235,0,No,0,No,True,29,0.9992209672927856
1236,0,No,0,No,True,29,0.9993948936462402
1237,1,Yes,1,Yes,True,-1,0.7798718214035034
1238,0,No,0,No,True,29,0.9992619156837463
1239,0,No,1,Yes,False,-1,0.06346819549798965
1240,0,No,0,No,True,29,0.9942694902420044
1241,0,No,0,No,True,30,0.9994805455207825
1242,1,Yes,1,Yes,True,30,0.9923245906829834
1243,1,Yes,1,Yes,True,30,0.9962689876556396
1244,1,Yes,1,Yes,True,30,0.9969809651374817
1245,0,No,0,No,True,27,0.8603744506835938
1246,0,No,0,No,True,29,0.9906420111656189
1247,1,Yes,1,Yes,True,30,0.998207688331604
1248,0,No,0,No,True,27,0.9979952573776245
1249,0,No,0,No,True,27,0.984119176864624
1250,1,Yes,1,Yes,True,30,0.995897650718689
1251,1,Yes,0,No,False,-1,0.10314024239778519
1252,0,No,0,No,True,28,0.9836083054542542
1253,1,Yes,1,Yes,True,30,0.9907281398773193
1254,1,Yes,1,Yes,True,30,0.9956743121147156
1255,1,Yes,1,Yes,True,30,0.9968212842941284
1256,1,Yes,1,Yes,True,30,0.9756375551223755
1257,1,Yes,1,Yes,True,30,0.9951968789100647
1258,1,Yes,1,Yes,True,30,0.9835092425346375
1259,0,No,0,No,True,30,0.9994957447052002
1260,0,No,0,No,True,29,0.9996936321258545
1261,1,Yes,1,Yes,True,30,0.973716676235199
1262,0,No,0,No,True,29,0.9994397759437561
1263,0,No,0,No,True,29,0.9992984533309937
1264,0,No,0,No,True,29,0.9996786117553711
1265,1,Yes,1,Yes,True,30,0.9969723224639893
1266,1,Yes,1,Yes,True,30,0.96771639585495
1267,1,Yes,1,Yes,True,30,0.9941579103469849
1268,1,Yes,1,Yes,True,30,0.9591911435127258
1269,0,No,0,No,True,30,0.8455963730812073
1270,1,Yes,1,Yes,True,30,0.9951987862586975
1271,1,Yes,1,Yes,True,30,0.9945783615112305
1272,1,Yes,0,No,False,-1,0.01227486226707697
1273,1,Yes,1,Yes,True,30,0.9931328892707825
1274,0,No,0,No,True,29,0.9995653033256531
1275,1,Yes,1,Yes,True,30,0.953713595867157
1276,1,Yes,1,Yes,True,-1,0.5523936748504639
1277,0,No,0,No,True,28,0.9996155500411987
1278,0,No,0,No,True,29,0.9969848990440369
1279,0,No,1,Yes,False,-1,0.0034532726276665926
1280,1,Yes,1,Yes,True,30,0.9877665042877197
1281,1,Yes,1,Yes,True,30,0.9932793974876404
1282,1,Yes,1,Yes,True,30,0.9951106905937195
1283,0,No,0,No,True,30,0.9986271858215332
1284,1,Yes,1,Yes,True,30,0.9735756516456604
1285,1,Yes,1,Yes,True,30,0.9903314113616943
1286,0,No,0,No,True,27,0.998856782913208
1287,1,Yes,1,Yes,True,30,0.9960709810256958
1288,0,No,0,No,True,27,0.9974253177642822
1289,1,Yes,1,Yes,True,30,0.9963501691818237
1290,1,Yes,0,No,False,-1,0.346953809261322
1291,1,Yes,1,Yes,True,30,0.9441725611686707
1292,1,Yes,1,Yes,True,30,0.995794415473938
1293,0,No,1,Yes,False,30,0.4238970875740051
1294,0,No,0,No,True,30,0.9854189157485962
1295,1,Yes,1,Yes,True,30,0.9900428056716919
1296,1,Yes,0,No,False,-1,0.0012940829619765282
1297,1,Yes,1,Yes,True,-1,0.7901578545570374
1298,1,Yes,0,No,False,-1,0.00039044127333909273
1299,0,No,0,No,True,28,0.9971333742141724
1300,1,Yes,1,Yes,True,30,0.996069073677063
1301,1,Yes,1,Yes,True,30,0.9968032836914062
1302,0,No,0,No,True,28,0.9986932873725891
1303,0,No,0,No,True,29,0.9993618130683899
1304,0,No,0,No,True,29,0.999433696269989
1305,1,Yes,1,Yes,True,30,0.994981586933136
1306,1,Yes,1,Yes,True,31,0.8989059329032898
1307,1,Yes,1,Yes,True,30,0.998586893081665
1308,0,No,0,No,True,29,0.7778244614601135
1309,0,No,0,No,True,27,0.998421311378479
1310,0,No,0,No,True,27,0.6654456853866577
1311,0,No,0,No,True,27,0.996002733707428
1312,1,Yes,1,Yes,True,30,0.9987316727638245
1313,0,No,0,No,True,29,0.9461805820465088
1314,0,No,1,Yes,False,-1,0.2161957174539566
1315,0,No,0,No,True,27,0.9252869486808777
1316,1,Yes,1,Yes,True,30,0.9885100722312927
1317,0,No,0,No,True,28,0.9971119165420532
1318,1,Yes,1,Yes,True,-1,0.7056771516799927
1319,0,No,0,No,True,27,0.9981361627578735
1320,0,No,0,No,True,29,0.9985717535018921
1321,0,No,0,No,True,29,0.984718918800354
1322,1,Yes,1,Yes,True,30,0.9972413778305054
1323,1,Yes,1,Yes,True,30,0.992613673210144
1324,1,Yes,1,Yes,True,31,0.8422079086303711
1325,0,No,0,No,True,27,0.9830684661865234
1326,1,Yes,1,Yes,True,-1,0.7105147838592529
1327,1,Yes,0,No,False,-1,0.26792919635772705
1328,1,Yes,1,Yes,True,30,0.9931284189224243
1329,0,No,0,No,True,29,0.9992819428443909
1330,1,Yes,1,Yes,True,30,0.9829066395759583
1331,0,No,0,No,True,30,0.9990031123161316
1332,1,Yes,1,Yes,True,30,0.9512484073638916
1333,1,Yes,1,Yes,True,31,0.8828223347663879
1334,1,Yes,1,Yes,True,30,0.9958337545394897
1335,1,Yes,1,Yes,True,31,0.8960366249084473
1336,1,Yes,1,Yes,True,30,0.919497013092041
1337,1,Yes,1,Yes,True,30,0.9630841016769409
1338,0,No,0,No,True,30,0.9998117089271545
1339,0,No,1,Yes,False,-1,0.00023008364951238036
1340,0,No,0,No,True,29,0.9993494153022766
1341,1,Yes,0,No,False,-1,0.0019498207839205861
1342,1,Yes,1,Yes,True,30,0.9949709177017212
1343,1,Yes,1,Yes,True,30,0.9912174940109253
1344,1,Yes,1,Yes,True,30,0.9883126616477966
1345,0,No,0,No,True,28,0.9872522354125977
1346,1,Yes,0,No,False,-1,0.04721396788954735
1347,0,No,0,No,True,29,0.999127209186554
1348,1,Yes,1,Yes,True,30,0.9958427548408508
1349,0,No,0,No,True,27,0.9991030693054199
1350,1,Yes,1,Yes,True,30,0.9595842957496643
1351,1,Yes,1,Yes,True,30,0.9974032044410706
1352,1,Yes,0,No,False,-1,0.0020364290103316307
1353,1,Yes,0,No,False,-1,0.031440619379282
1354,0,No,0,No,True,28,0.999506950378418
1355,0,No,0,No,True,27,0.9987204074859619
1356,1,Yes,1,Yes,True,31,0.8854680061340332
1357,1,Yes,0,No,False,-1,0.0005695883883163333
1358,1,Yes,1,Yes,True,30,0.9891040325164795
1359,1,Yes,1,Yes,True,30,0.9900263547897339
1360,1,Yes,1,Yes,True,-1,0.793684720993042
1361,1,Yes,1,Yes,True,31,0.8826435208320618
1362,1,Yes,1,Yes,True,31,0.923024594783783
1363,0,No,0,No,True,28,0.8806012868881226
1364,1,Yes,1,Yes,True,30,0.9963507652282715
1365,1,Yes,0,No,False,-1,0.004732723347842693
1366,1,Yes,1,Yes,True,30,0.9591711759567261
1367,1,Yes,1,Yes,True,-1,0.5353710055351257
1368,0,No,0,No,True,29,0.9987449645996094
1369,1,Yes,0,No,False,-1,0.0016682423884049058
1370,1,Yes,0,No,False,-1,0.0020439550280570984
1371,1,Yes,1,Yes,True,31,0.9078664779663086
1372,1,Yes,1,Yes,True,31,0.8867518901824951
1373,1,Yes,0,No,False,-1,0.004180879332125187
1374,0,No,0,No,True,30,0.9975739121437073
1375,0,No,0,No,True,28,0.9599167704582214
1376,0,No,0,No,True,29,0.9993002414703369
1377,1,Yes,1,Yes,True,30,0.9918484687805176
1378,1,Yes,1,Yes,True,30,0.9979192614555359
1379,1,Yes,0,No,False,-1,0.005561761558055878
1380,0,No,0,No,True,30,0.9988846182823181
1381,0,No,0,No,True,27,0.8984907269477844
1382,1,Yes,1,Yes,True,30,0.9395427703857422
1383,1,Yes,1,Yes,True,30,0.9892510175704956
1384,0,No,0,No,True,29,0.9910949468612671
1385,1,Yes,1,Yes,True,30,0.9822750091552734
1386,1,Yes,0,No,False,-1,0.00010374046541983262
1387,1,Yes,1,Yes,True,30,0.99198979139328
1388,1,Yes,1,Yes,True,30,0.9906589984893799
1389,0,No,0,No,True,29,0.9992759823799133
1390,1,Yes,1,Yes,True,30,0.9961704611778259
1391,0,No,0,No,True,27,0.9993374943733215
1392,1,Yes,1,Yes,True,30,0.9744923114776611
1393,0,No,0,No,True,27,0.8718449473381042
1394,0,No,0,No,True,27,0.9995847344398499
1395,1,Yes,1,Yes,True,30,0.9972538352012634
1396,0,No,0,No,True,28,0.9786175489425659
1397,1,Yes,0,No,False,-1,0.017918817698955536
1398,1,Yes,1,Yes,True,30,0.9963089823722839
1399,1,Yes,0,No,False,-1,0.0042505571618676186
1400,0,No,1,Yes,False,-1,0.00017635109543334693
1401,0,No,0,No,True,29,0.9933663010597229
1402,1,Yes,1,Yes,True,30,0.9807685017585754
1403,0,No,0,No,True,27,0.9822614192962646
1404,0,No,0,No,True,29,0.9997977614402771
1405,1,Yes,1,Yes,True,30,0.9886645078659058
1406,1,Yes,1,Yes,True,30,0.8729009032249451
1407,1,Yes,1,Yes,True,30,0.9743492007255554
1408,0,No,0,No,True,29,0.99916672706604
1409,0,No,0,No,True,29,0.9994021654129028
1410,1,Yes,1,Yes,True,31,0.9541217684745789
1411,0,No,0,No,True,30,0.9989612102508545
1412,1,Yes,1,Yes,True,30,0.9875849485397339
1413,1,Yes,1,Yes,True,30,0.9978121519088745
1414,0,No,0,No,True,29,0.9987744688987732
1415,1,Yes,0,No,False,-1,0.22862935066223145
1416,0,No,0,No,True,29,0.9300082921981812
1417,0,No,0,No,True,29,0.9992024302482605
1418,0,No,0,No,True,29,0.9947389960289001
1419,0,No,0,No,True,29,0.9991616010665894
1420,0,No,0,No,True,29,0.9990361928939819
1421,1,Yes,0,No,False,-1,0.008554933592677116
1422,0,No,0,No,True,29,0.9996627569198608
1423,0,No,0,No,True,29,0.9991580247879028
1424,0,No,0,No,True,30,0.9993988275527954
1425,1,Yes,1,Yes,True,30,0.9249025583267212
1426,0,No,0,No,True,27,0.9995242357254028
1427,1,Yes,1,Yes,True,30,0.9771357774734497
1428,0,No,0,No,True,27,0.9605149030685425
1429,1,Yes,1,Yes,True,30,0.996742308139801
1430,1,Yes,1,Yes,True,31,0.9125188589096069
1431,1,Yes,1,Yes,True,30,0.9927701354026794
1432,0,No,0,No,True,29,0.9978159666061401
1433,1,Yes,1,Yes,True,30,0.9924063086509705
1434,0,No,0,No,True,29,0.9990444779396057
1435,1,Yes,0,No,False,-1,0.14913244545459747
1436,1,Yes,1,Yes,True,30,0.9977832436561584
1437,0,No,0,No,True,27,0.9972912669181824
1438,1,Yes,1,Yes,True,30,0.9575039744377136
1439,1,Yes,1,Yes,True,30,0.9940418601036072
1440,0,No,0,No,True,27,0.9918783903121948
1441,1,Yes,1,Yes,True,30,0.977286696434021
1442,0,No,0,No,True,27,0.9748818874359131
1443,0,No,0,No,True,29,0.9993645548820496
1444,0,No,0,No,True,29,0.9986937642097473
1445,1,Yes,1,Yes,True,30,0.9889650344848633
1446,1,Yes,1,Yes,True,31,0.9078452587127686
1447,1,Yes,1,Yes,True,30,0.939464807510376
1448,0,No,0,No,True,29,0.9994373917579651
1449,0,No,0,No,True,28,0.9213784337043762
1450,0,No,0,No,True,29,0.9929435849189758
1451,1,Yes,1,Yes,True,30,0.9640676379203796
1452,1,Yes,1,Yes,True,30,0.8852918744087219
1453,1,Yes,1,Yes,True,30,0.9913614392280579
1454,0,No,0,No,True,29,0.9993675351142883
1455,1,Yes,1,Yes,True,31,0.9622154831886292
1456,1,Yes,0,No,False,-1,0.34754592180252075
1457,1,Yes,1,Yes,True,30,0.9821134209632874
1458,1,Yes,1,Yes,True,30,0.986301064491272
1459,0,No,0,No,True,30,0.9994539618492126
1460,1,Yes,1,Yes,True,30,0.9696694016456604
1461,0,No,0,No,True,29,0.995267391204834
1462,1,Yes,0,No,False,-1,0.20282556116580963
1463,1,Yes,0,No,False,-1,0.345589280128479
1464,0,No,0,No,True,29,0.9808520674705505
1465,0,No,0,No,True,28,0.9775107502937317
1466,1,Yes,1,Yes,True,30,0.9659825563430786
1467,1,Yes,1,Yes,True,30,0.9901347756385803
1468,0,No,0,No,True,30,0.9996054768562317
1469,1,Yes,1,Yes,True,30,0.9851295948028564
1470,0,No,0,No,True,29,0.999678373336792
1471,1,Yes,1,Yes,True,30,0.9957797527313232
1472,0,No,0,No,True,30,0.9983792304992676
1473,1,Yes,1,Yes,True,30,0.923332929611206
1474,0,No,0,No,True,29,0.9996359348297119
1475,1,Yes,1,Yes,True,30,0.9954919219017029
1476,1,Yes,1,Yes,True,30,0.997439980506897
1477,0,No,0,No,True,29,0.9990531802177429
1478,1,Yes,1,Yes,True,31,0.9596449732780457
1479,0,No,0,No,True,29,0.9993757605552673
1480,1,Yes,1,Yes,True,30,0.9298186302185059
1481,1,Yes,1,Yes,True,30,0.9874131679534912
1482,1,Yes,0,No,False,-1,0.23125050961971283
1483,1,Yes,0,No,False,-1,0.00019129490829072893
1484,1,Yes,0,No,False,-1,0.010598092339932919
1485,1,Yes,0,No,False,-1,0.13101792335510254
1486,0,No,0,No,True,29,0.9993131160736084
1487,1,Yes,0,No,False,-1,0.005536806769669056
1488,1,Yes,1,Yes,True,30,0.9338847994804382
1489,1,Yes,1,Yes,True,30,0.9539679884910583
1490,0,No,0,No,True,29,0.9988287091255188
1491,1,Yes,1,Yes,True,30,0.997721254825592
1492,1,Yes,1,Yes,True,-1,0.7453476786613464
1493,1,Yes,0,No,False,-1,0.035058360546827316
1494,0,No,0,No,True,27,0.998349666595459
1495,0,No,0,No,True,29,0.9964680671691895
1496,1,Yes,1,Yes,True,30,0.9960330128669739
1497,0,No,1,Yes,False,-1,0.32115739583969116
1498,1,Yes,1,Yes,True,30,0.9967671632766724
1499,1,Yes,1,Yes,True,30,0.9764223098754883
